rsID	CHR	POS	Non_Effect	Effect	BETA	P	SE
rs552571374	2	25148623	G	C	-0.202	3.9e-08	0.037
rs201407787	2	56071109	C	T	0.225	3.9e-11	0.034
rs3791675	2	56111309	C	T	-0.16	4.7e-09	0.027
rs1797874	3	12529592	C	A	-0.14	2.1e-09	0.023
rs13107325	4	103188709	C	T	0.271	1.8e-09	0.045
rs12539772	7	121005636	T	A	-0.141	4.2e-08	0.026
rs11111209	12	102600598	T	C	0.201	1.8e-08	0.036
rs77353655	12	102671553	A	G	0.201	4.9e-08	0.037
rs76652635	13	74689496	A	G	-0.257	1.5e-08	0.045
rs45515493	14	21572642	C	G	-0.195	5.1e-09	0.033
rs370844658	20	32679575	A	ATT	-0.133	2.6e-08	0.024
