rsID	CHR
rs1991860	8
rs71565415	8
rs2732010	8
rs11784963	8
rs2732018	8
rs1433471	8
rs10701	8
rs34968301	8
rs11426710	8
rs2732016	8
rs1347239	8
rs7840727	8
rs2570181	8
rs7840127	8
rs2732011	8
rs545259869	8
rs146040837	8
rs17292690	8
rs2570182	8
rs9694318	8
8:75736451_CT_C	8
rs6472877	8
rs11781132	8
rs10656624	8
rs1836085	8
rs34668307	8
rs149281087	8
rs11994102	8
8:75747095_GCACATTCTCCTGATGATT_G	8
rs2570180	8
rs993318	8
rs9721183	8
rs36083765	8
rs2042995	2
rs6735077	2
rs35504893	2
rs957875	2
rs9808377	2
rs6723399	2
rs71394376	2
rs2562845	2
rs6755784	2
rs3731750	2
rs36113194	2
rs2042996	2
rs16866420	2
rs12693162	2
rs3829746	2
rs2366751	2
rs2472751	2
rs16866400	2
rs3045696	2
rs3820978	2
rs3813250	2
rs4894029	2
rs12988307	2
rs62176138	2
rs2255167	2
rs777900475	2
rs3769864	2
rs1001238	2
rs2163009	2
rs1560221	2
rs6712785	2
rs967507	2
rs2562834	2
rs1484119	2
rs17076	2
rs4471922	2
rs2291313	2
rs2627043	2
rs2562838	2
rs2562830	2
rs2570186	8
rs1484116	2
rs2742331	2
rs2742327	2
rs2562839	2
rs2562836	2
rs55845077	8
rs17292445	8
rs55819117	8
rs17358302	8
rs72669225	8
rs144975115	8
rs376316906	8
rs544641193	8
rs146245715	8
rs1368637	8
rs11787260	8
rs1368632	8
rs572118015	3
rs17292190	8
rs1433470	8
rs17293264	8
rs1368633	8
rs374170504	8
8:75786011_TTGTG_T	8
rs1019954	8
rs17292864	8
rs17292788	8
rs67680904	8
rs530057723	8
rs142727868	8
rs3816782	2
rs269188	8
rs760932234	8
rs1433468	8
rs2202	10
rs2369339	10
rs76871782	7
rs191805208	8
rs12056549	8
rs10763764	10
rs7078837	10
rs914279	10
rs183837045	19
rs10740811	10
rs7096778	10
rs1571759	10
rs55963900	7
rs10826719	10
rs111846618	7
rs3801387	7
rs3731747	2
rs10242100	7
rs112138140	7
rs56078722	3
rs142862753	8
rs10178003	2
rs2029397	2
rs2029395	2
rs7808155	7
2:179679682_GA_G	2
rs7807953	7
rs12539772	7
rs3801383	7
rs113421098	7
rs7780276	7
rs55980344	8
rs113886040	7
rs112702449	7
rs7777030	7
rs188598311	7
rs3801382	7
rs111807792	7
rs3033029	8
rs111853944	7
rs10497520	2
rs149897	6
rs111862423	7
rs2570185	8
rs138614375	8
rs149942	6
rs149945	6
rs149944	6
rs169431	6
rs156734	6
rs203884	6
rs202908	6
rs149941	6
rs149989	6
rs34249029	6
rs1770131	6
rs1631552	6
rs3895707	7
rs17292417	8
rs536704	6
rs72669224	8
rs59785741	7
rs203892	6
rs476167	6
rs203893	6
rs203877	6
rs149982	6
rs66469754	8
rs35841331	6
rs68145527	8
rs61417406	8
rs149978	6
rs149977	6
rs1433472	8
rs1560782	8
rs1433473	8
rs56233308	8
rs11774767	8
rs6651326	8
rs6651327	8
rs11776632	8
rs66669310	8
rs56338577	8
rs2732012	8
rs203882	6
rs203883	6
rs188105	6
rs11784966	8
rs11786741	8
rs1560781	8
rs56168946	8
rs11782687	8
rs56243744	8
rs149972	6
rs11779097	8
rs56050143	8
rs203876	6
rs2134042	8
rs35155115	6
rs11779867	8
rs1347238	8
rs12173797	6
7:73496159_GC_G	7
rs2528794	7
rs183244	6
rs58690792	8
rs75161162	7
rs1433474	8
rs17358693	8
rs11784989	8
rs149950	6
rs10668066	7
rs56017230	8
rs11779897	8
rs149975	6
rs149951	6
rs149954	6
rs1892252	6
6:28015111_CA_C	6
rs149965	6
rs1501351	8
rs75566398	7
rs2855722	7
rs149955	6
rs6755456	2
rs9368547	6
rs149958	6
rs149959	6
rs156739	6
rs156738	6
rs149962	6
rs113395463	7
